<?xml version="1.0" encoding="UTF-8"?>
<effect name="Crop" category="Distort">
	<row name="Left">
		<field type="double" min="0" default="0" max="100" id="left"/>
	</row>
	<row name="Top">
		<field type="double" min="0" default="0" max="100" id="top"/>
	</row>
	<row name="Right">
		<field type="double" min="0" default="0" max="100" id="right"/>
	</row>
	<row name="Bottom">
		<field type="double" min="0" default="0" max="100" id="bottom"/>
	</row>
	<row name="Feather">
		<field type="double" min="0" default="0" id="feather"/>
	</row>
	<shader vert="common.vert" frag="crop.frag"/>
	<row name="Invert">
		<field type="bool" default="0" id="invert"/>
	</row>
</effect>