<?xml version="1.0" encoding="UTF-8"?>
<effect name="Vignette" category="Stylize">
	<row name="Size">
		<field type="double" min="0" default="45" id="lensRadiusX"/>
	</row>
	<row name="Softness">
		<field type="double" min="0" default="38" id="lensRadiusY"/>
	</row>
	<row name="Circular">
		<field type="bool" default="false" id="circular"/>
	</row>
	<row name="Center">
		<field type="double" default="0" id="centerX"/>
		<field type="double" default="0" id="centerY"/>
	</row>
	<row name="Invert">
		<field type="bool" default="0" id="invert"/>
	</row>
	<shader vert="common.vert" frag="vignette.frag"/>
</effect>